1;2013/03/04.053;1;1;20130304053;0
2;2013/02/20.037;2;2;20130220037;0
3;2013/02/22.012;3;3;20130222012;0
4;2013/02/26.020;3;4;20130226020;0
5;2013/02/26.029;4;5;20130226029;0
6;2013/02/27.010;5;6;20130227010;0
7;2013/02/27.018;6;7;20130227018;0
8;2013/02/27.030;7;8;20130227030;0
9;2013/02/28.003;8;9;20130228003;0
10;2013/02/28.005;9;10;20130228005;0
11;2013/02/28.024;10;11;20130228024;0
12;2013/02/28.032;7;12;20130228032;0
13;2013/02/28.036;11;13;20130228036;0
14;2013/03/01.010;1;14;20130301010;0
15;2013/03/01.011;1;15;20130301011;0
16;2013/03/01.012;12;16;20130301012;0
17;2013/02/28.039;13;17;20130228039;0
18;2013/03/01.020;14;18;20130301020;0
19;2013/03/01.021;15;19;20130301021;0
20;2013/03/01.029;16;20;20130301029;0
21;2013/03/01.036;17;21;20130301036;0
22;2013/03/01.037;18;22;20130301037;0
23;2013/03/01.039;19;23;20130301039;1
24;2013/03/01.043;20;24;20130301043;0
25;2013/03/01.050;21;25;20130301050;0
26;2013/03/02.001;22;26;20130302001;0
27;2013/03/02.003;23;27;20130302003;0
28;2013/03/02.004;24;28;20130302004;0
29;2013/03/02.014;25;29;20130302014;0
30;2013/03/02.015;26;30;20130302015;0
31;2013/03/02.019;27;31;20130302019;0
32;2013/03/02.020;28;32;20130302020;0
33;2013/03/02.022;29;33;20130302022;0
34;2013/03/02.023;30;34;20130302023;0
35;2013/03/02.024;7;35;20130302024;0
36;2013/03/04.001;31;36;20130304001;0
37;2013/03/04.003;32;37;20130304003;0
38;2013/03/04.004;17;38;20130304004;0
39;2013/03/04.005;3;39;20130304005;0
40;2013/03/04.007;33;40;20130304007;0
41;2013/03/04.008;34;41;20130304008;0
42;2013/03/04.009;35;42;20130304009;0
43;2013/03/04.010;36;43;20130304010;0
44;2013/03/04.011;22;44;20130304011;28
45;2013/03/04.012;37;45;20130304012;0
46;2013/03/04.013;38;46;20130304013;0
47;2013/03/04.014;39;47;20130304014;0
48;2013/03/04.015;1;48;20130304015;0
49;2013/03/04.016;3;49;20130304016;0
50;2013/03/04.017;40;50;20130304017;0
51;2013/03/04.018;22;51;20130304018;0
52;2013/03/04.019;41;52;20130304019;0
53;2013/03/04.020;31;53;20130304020;0
54;2013/03/04.021;9;54;20130304021;0
55;2013/03/04.022;42;55;20130304022;0
56;2013/03/04.023;1;56;20130304023;0
57;2013/03/04.024;43;57;20130304024;4
58;2013/03/04.025;3;58;20130304025;0
59;2013/03/04.026;44;59;20130304026;0
60;2013/03/04.027;45;60;20130304027;0
61;2013/03/04.028;46;61;20130304028;0
62;2013/03/04.029;46;62;20130304029;0
63;2013/03/04.030;4;63;20130304030;0
64;2013/03/04.031;4;63;20130304031;0
65;2013/03/04.032;23;64;20130304032;0
66;2013/03/04.033;47;65;20130304033;4
67;2013/03/04.034;48;66;20130304034;0
68;2013/03/04.035;36;67;20130304035;0
69;2013/03/04.036;49;68;20130304036;0
70;2013/03/04.037;9;68;20130304037;0
71;2013/03/04.038;50;69;20130304038;0
72;2013/03/04.040;4;70;20130304040;0
73;2013/03/04.043;51;71;20130304043;0
74;2013/03/04.045;52;72;20130304045;0
75;2013/03/04.046;53;73;20130304046;0
76;2013/03/04.047;54;74;20130304047;0
77;2013/03/04.048;55;74;20130304048;0
78;2013/03/02.026;56;75;20130302026;0
79;2013/03/04.049;42;76;20130304049;0
80;2013/03/05.001;57;77;20130305001;0
81;2013/03/05.002;45;78;20130305002;0
82;2013/03/05.003;7;78;20130305003;0
83;2013/03/05.004;32;79;20130305004;0
84;2013/03/05.007;22;80;20130305007;0
85;2013/03/05.008;1;81;20130305008;0
86;2013/03/04.050;58;82;20130304050;0
87;2013/03/05.010;59;83;20130305010;0
88;2013/03/05.011;26;84;20130305011;0
89;2013/03/02.027;60;85;20130302027;0
90;2013/03/05.012;7;86;20130305012;0
91;2013/03/05.016;61;87;20130305016;0
92;2013/03/05.017;62;87;20130305017;0
93;2013/03/05.021;3;88;20130305021;0
94;2013/03/05.022;3;89;20130305022;0
95;2013/03/05.024;22;90;20130305024;0
96;2013/03/05.025;3;91;20130305025;0
97;2013/03/05.026;63;92;20130305026;0
98;2013/03/05.027;64;93;20130305027;0
99;2013/03/05.028;65;94;20130305028;0
100;2013/03/05.029;3;95;20130305029;0
101;2013/03/05.034;66;96;20130305034;0
102;2013/02/28.040;13;97;20130228040;0
103;2013/03/01.046;48;98;20130301046;67
104;2013/03/01.048;68;99;20130301048;0
105;2013/03/04.002;16;100;20130304002;0
106;2013/03/04.006;70;101;20130304006;69
107;2013/03/04.041;57;102;20130304041;0
108;2013/03/04.042;3;103;20130304042;0
109;2013/03/05.009;16;104;20130305009;0
110;2013/03/05.014;23;27;20130305014;0
111;2013/03/05.018;71;105;20130305018;0
112;2013/03/05.020;35;106;20130305020;0
113;2013/03/05.031;72;107;20130305031;0
114;2013/03/05.032;21;108;20130305032;0
115;2013/03/06.001;32;109;20130306001;0
116;2013/03/06.002;1;110;20130306002;0
117;2013/03/06.004;74;111;20130306004;73
118;2013/03/06.005;75;112;20130306005;0
119;2013/03/06.006;76;113;20130306006;0
120;2013/03/06.007;77;114;20130306007;0
121;2013/03/06.008;42;115;20130306008;0
122;2013/03/06.009;31;116;20130306009;0
123;2013/03/06.010;78;117;20130306010;0
124;2013/03/06.011;79;118;20130306011;0
125;2013/03/05.035;33;119;20130305035;0
126;2013/03/06.012;80;120;20130306012;0
127;2013/03/06.014;35;121;20130306014;0
128;2013/03/06.015;35;121;20130306015;0
129;2013/03/06.016;81;122;20130306016;0
130;2013/03/06.017;66;123;20130306017;0
131;2013/03/06.018;81;124;20130306018;0
132;2013/03/06.019;82;125;20130306019;0
133;2013/03/06.020;37;126;20130306020;0
134;2013/03/06.021;22;44;20130306021;28
135;2013/03/06.022;36;127;20130306022;0
136;2013/03/06.024;80;128;20130306024;0
137;2013/03/06.026;4;129;20130306026;0
138;2013/03/06.027;4;130;20130306027;0
139;2013/03/06.028;4;131;20130306028;0
140;2013/03/06.030;4;132;20130306030;0
141;2013/03/06.032;83;133;20130306032;0
142;2013/03/06.033;4;134;20130306033;0
143;2013/03/06.034;84;135;20130306034;0
144;2013/03/06.035;4;5;20130306035;0
145;2013/03/06.040;3;136;20130306040;0
146;2013/03/06.041;41;137;20130306041;0
147;2013/03/01.017;22;138;20130301017;0
148;2013/03/01.044;85;139;20130301044;0
149;2013/03/01.047;68;140;20130301047;0
150;2013/03/06.003;86;121;20130306003;0
151;2013/03/07.024;78;141;20130307024;0
152;2013/03/04.039;87;95;20130304039;0
153;2013/03/08.023;37;142;20130308023;0
154;2013/03/04.051;88;143;20130304051;0
155;2013/03/05.036;89;144;20130305036;0
156;2013/03/09.008;90;145;20130309008;0
157;2013/03/09.010;91;146;20130309010;0
158;2013/03/09.013;28;147;20130309013;0
159;2013/03/09.015;32;109;20130309015;0
160;2013/03/09.017;36;148;20130309017;0
161;2013/03/11.008;33;149;20130311008;0
162;2013/03/11.010;92;150;20130311010;0
163;2013/03/11.014;93;151;20130311014;0
164;2013/03/12.002;94;152;20130312002;0
165;2013/03/12.039;22;153;20130312039;0
166;2013/03/13.005;24;154;20130313005;0
167;2013/03/13.007;50;155;20130313007;0
168;2013/03/13.008;50;156;20130313008;0
169;2013/03/13.009;50;157;20130313009;0
170;2013/03/12.043;37;158;20130312043;0
171;2013/03/12.044;37;159;20130312044;0
172;2013/03/13.011;1;160;20130313011;0
173;2013/03/12.045;37;161;20130312045;0
174;2013/03/12.046;37;162;20130312046;0
175;2013/03/12.047;37;163;20130312047;0
176;2013/03/12.048;37;164;20130312048;0
177;2013/03/13.013;95;165;20130313013;0
178;2013/03/13.014;16;166;20130313014;0
179;2013/03/13.019;96;167;20130313019;7
180;2013/03/13.020;97;168;20130313020;0
181;2013/03/13.021;98;169;20130313021;0
182;2013/03/13.028;99;170;20130313028;0
183;2013/03/13.037;36;171;20130313037;0
184;2013/03/13.038;37;172;20130313038;0
185;2013/03/13.039;41;173;20130313039;0
186;2013/03/13.040;100;174;20130313040;0
187;2013/03/14.003;7;175;20130314003;0
188;2013/03/14.008;101;176;20130314008;0
189;2013/03/14.010;57;177;20130314010;0
190;2013/03/14.011;102;178;20130314011;0
191;2013/03/14.014;32;74;20130314014;0
192;2013/03/14.015;103;179;20130314015;0
193;2013/03/14.016;104;180;20130314016;0
194;2013/03/14.017;46;181;20130314017;0
195;2013/03/14.018;3;182;20130314018;0
196;2013/03/14.020;3;183;20130314020;0
197;2013/03/14.023;105;184;20130314023;0
198;2013/03/14.024;105;184;20130314024;0
199;2013/03/14.025;36;185;20130314025;0
200;2013/03/14.028;104;186;20130314028;0
201;2013/03/14.031;106;187;20130314031;0
202;2013/03/14.032;107;70;20130314032;4
203;2013/03/14.033;108;188;20130314033;0
204;2013/03/14.035;109;189;20130314035;0
205;2013/03/06.023;104;190;20130306023;0
206;2013/03/08.003;110;191;20130308003;0
207;2013/03/08.036;37;159;20130308036;0
208;2013/03/08.037;37;161;20130308037;0
209;2013/03/08.038;37;158;20130308038;0
210;2013/03/08.039;37;162;20130308039;0
211;2013/03/08.040;37;163;20130308040;0
212;2013/03/08.041;37;164;20130308041;0
213;2013/03/09.012;1;192;20130309012;0
214;2013/03/09.016;60;85;20130309016;0
215;2013/03/09.020;99;193;20130309020;0
216;2013/03/09.021;1;194;20130309021;0
217;2013/03/09.023;111;195;20130309023;0
218;2013/03/11.007;36;196;20130311007;0
219;2013/03/11.013;22;197;20130311013;0
220;2013/03/11.020;16;198;20130311020;0
221;2013/03/11.021;36;199;20130311021;0
222;2013/03/11.022;36;200;20130311022;0
223;2013/03/11.025;70;201;20130311025;0
224;2013/03/12.001;112;202;20130312001;0
225;2013/03/12.003;1;203;20130312003;0
226;2013/03/12.004;22;204;20130312004;0
227;2013/03/12.005;113;205;20130312005;0
228;2013/03/12.006;114;108;20130312006;0
229;2013/03/12.007;115;206;20130312007;0
230;2013/03/12.008;116;207;20130312008;0
231;2013/03/12.009;117;208;20130312009;0
232;2013/03/12.011;95;165;20130312011;0
233;2013/03/12.012;118;209;20130312012;0
234;2013/03/12.013;119;210;20130312013;0
235;2013/03/12.014;1;211;20130312014;0
236;2013/03/12.015;120;212;20130312015;0
237;2013/03/12.018;121;213;20130312018;0
238;2013/03/12.020;122;214;20130312020;0
239;2013/03/12.021;123;215;20130312021;0
240;2013/03/12.022;124;216;20130312022;0
241;2013/03/12.023;125;217;20130312023;0
242;2013/03/12.024;126;218;20130312024;0
243;2013/03/12.025;127;219;20130312025;0
244;2013/03/12.026;65;220;20130312026;0
245;2013/03/12.027;107;221;20130312027;0
246;2013/03/12.028;127;219;20130312028;0
247;2013/03/12.029;128;222;20130312029;0
248;2013/03/12.030;9;223;20130312030;37
249;2013/03/12.031;3;224;20130312031;0
250;2013/03/12.032;129;73;20130312032;0
251;2013/03/12.035;130;225;20130312035;0
252;2013/03/12.036;33;226;20130312036;0
253;2013/03/12.037;131;227;20130312037;0
254;2013/03/12.038;22;228;20130312038;0
255;2013/03/12.040;3;229;20130312040;0
256;2013/03/13.002;40;230;20130313002;0
257;2013/03/13.003;97;231;20130313003;0
258;2013/03/13.004;48;232;20130313004;0
259;2013/03/13.006;9;233;20130313006;0
260;2013/03/12.042;132;234;20130312042;0
261;2013/03/13.010;1;235;20130313010;0
262;2013/03/13.012;8;236;20130313012;0
263;2013/03/13.017;65;237;20130313017;0
264;2013/03/13.018;133;238;20130313018;0
265;2013/03/13.022;65;239;20130313022;0
266;2013/03/13.025;36;240;20130313025;0
267;2013/03/13.031;36;127;20130313031;0
268;2013/03/13.032;1;241;20130313032;0
269;2013/03/13.035;126;242;20130313035;0
270;2013/02/25.045;1;243;20130225045;0
271;2013/03/07.031;35;244;20130307031;0
272;2013/03/12.016;134;118;20130312016;0
273;2013/03/12.017;22;245;20130312017;75
274;2013/03/12.019;78;214;20130312019;0
275;2013/03/12.041;3;229;20130312041;0
276;2013/03/13.001;32;157;20130313001;0
277;2013/03/13.016;96;167;20130313016;7
278;2013/03/13.023;135;246;20130313023;0
279;2013/03/13.026;3;247;20130313026;0
280;2013/03/13.027;81;122;20130313027;0
281;2013/03/13.029;22;44;20130313029;28
282;2013/03/13.030;108;248;20130313030;0
283;2013/03/13.033;67;249;20130313033;0
284;2013/03/13.034;22;250;20130313034;0
285;2013/03/13.036;126;251;20130313036;0
286;2013/03/13.041;103;252;20130313041;0
287;2013/03/07.035;59;83;20130307035;0
288;2013/03/08.016;136;253;20130308016;0
289;2013/03/08.017;137;254;20130308017;0
290;2013/03/08.030;22;255;20130308030;0
291;2013/03/08.035;9;256;20130308035;0
292;2013/03/09.002;36;257;20130309002;0
293;2013/03/09.019;138;258;20130309019;8
294;2013/03/09.022;139;259;20130309022;0
295;2013/03/11.001;64;260;20130311001;0
296;2013/03/11.002;48;261;20130311002;0
297;2013/03/11.003;40;262;20130311003;0
298;2013/03/11.004;1;263;20130311004;0
299;2013/03/11.005;140;264;20130311005;0
300;2013/03/11.006;1;265;20130311006;0
301;2013/03/11.009;141;266;20130311009;0
302;2013/03/11.011;142;267;20130311011;0
303;2013/03/11.012;143;268;20130311012;0
304;2013/03/11.015;126;269;20130311015;0
305;2013/03/11.017;1;270;20130311017;0
306;2013/03/11.018;64;93;20130311018;0
307;2013/03/11.019;144;271;20130311019;4
308;2013/03/11.023;66;272;20130311023;0
309;2013/03/11.024;145;273;20130311024;0
310;2013/03/11.026;46;61;20130311026;0
311;2013/03/11.027;146;274;20130311027;0
312;2013/03/11.028;24;275;20130311028;0
313;2013/03/11.029;45;60;20130311029;0
314;2013/03/11.030;107;70;20130311030;4
315;2013/03/11.031;3;247;20130311031;0
316;2013/03/11.032;36;67;20130311032;0
317;2013/03/11.033;67;249;20130311033;0
318;2013/03/11.034;23;64;20130311034;0
319;2013/03/11.035;4;63;20130311035;0
320;2013/03/11.036;147;276;20130311036;4
321;2013/03/11.037;3;277;20130311037;0
322;2013/03/11.038;148;278;20130311038;0
323;2013/03/11.039;17;279;20130311039;0
324;2013/03/11.040;149;72;20130311040;0
325;2013/03/12.034;4;134;20130312034;0
326;2013/03/14.004;37;172;20130314004;0
327;2013/03/14.005;50;157;20130314005;0
328;2013/03/14.006;50;156;20130314006;0
329;2013/03/14.007;50;155;20130314007;0
330;2013/03/14.009;150;280;20130314009;0
331;2013/03/14.012;16;20;20130314012;0
332;2013/03/14.013;104;281;20130314013;0
333;2013/03/14.019;22;282;20130314019;0
334;2013/03/14.022;151;283;20130314022;0
335;2013/03/14.026;1;284;20130314026;0
336;2013/03/14.027;152;285;20130314027;0
337;2013/03/14.029;22;286;20130314029;0
338;2013/03/14.034;96;167;20130314034;0
339;2013/03/14.038;52;72;20130314038;0
340;2013/03/15.001;153;287;20130315001;0
341;2013/03/15.002;153;288;20130315002;0
342;2013/03/15.003;37;289;20130315003;0
343;2013/03/15.004;50;290;20130315004;0
344;2013/03/15.005;50;291;20130315005;0
345;2013/03/15.006;154;292;20130315006;0
346;2013/03/15.007;155;293;20130315007;0
347;2013/03/15.011;50;294;20130315011;0
348;2013/03/15.012;70;295;20130315012;0
349;2013/03/15.013;36;296;20130315013;0
350;2013/03/15.014;156;297;20130315014;0
351;2013/03/15.016;4;134;20130315016;0
352;2013/03/15.017;40;298;20130315017;0
353;2013/03/15.018;33;299;20130315018;0
354;2013/03/15.019;157;300;20130315019;0
355;2013/03/15.020;69;301;20130315020;0
356;2013/03/15.021;158;302;20130315021;0
357;2013/03/15.023;75;282;20130315023;0
358;2013/03/15.024;63;92;20130315024;0
359;2013/03/15.025;1;303;20130315025;0
360;2013/03/15.026;104;304;20130315026;0
361;2013/03/15.027;46;305;20130315027;0
362;2013/03/15.028;78;306;20130315028;0
363;2013/03/15.030;9;233;20130315030;0
364;2013/03/15.031;22;307;20130315031;0
365;2013/03/15.032;60;308;20130315032;0
366;2013/03/15.022;1;309;20130315022;0
367;2013/03/15.033;1;310;20130315033;0
368;2013/03/15.009;159;311;20130315009;0
369;2013/03/15.010;70;25;20130315010;0
370;2013/03/15.015;108;312;20130315015;0
371;2013/03/15.034;1;313;20130315034;0
372;2013/03/15.035;160;314;20130315035;0
373;2013/03/16.004;1;315;20130316004;0
374;2013/03/16.009;36;316;20130316009;0
375;2013/03/16.011;81;317;20130316011;0
376;2013/03/16.014;36;318;20130316014;0
377;2013/03/16.015;161;319;20130316015;0
378;2013/03/16.017;162;275;20130316017;0
379;2013/03/16.019;32;320;20130316019;0
380;2013/03/16.020;163;321;20130316020;0
381;2013/03/16.021;7;322;20130316021;0
382;2013/03/16.025;145;323;20130316025;0
383;2013/03/16.026;1;324;20130316026;0
384;2013/03/14.021;90;325;20130314021;0
385;2013/03/16.027;81;326;20130316027;0
386;2013/03/16.031;87;327;20130316031;0
387;2013/03/16.001;1;328;20130316001;0
388;2013/03/16.006;1;329;20130316006;0
389;2013/03/16.010;52;72;20130316010;0
390;2013/03/16.012;164;330;20130316012;0
391;2013/03/16.016;23;331;20130316016;0
392;2013/03/16.018;46;332;20130316018;0
393;2013/03/16.022;165;333;20130316022;0
394;2013/03/16.023;137;334;20130316023;166
395;2013/03/16.028;1;335;20130316028;0
396;2013/03/16.030;167;336;20130316030;0
397;2013/03/16.032;168;337;20130316032;0
398;2013/03/16.033;168;337;20130316033;0
399;2013/03/18.001;169;338;20130318001;0
400;2013/03/18.002;170;339;20130318002;0
401;2013/03/18.006;135;340;20130318006;0
402;2013/03/18.007;135;341;20130318007;0
403;2013/03/18.008;22;44;20130318008;28
404;2013/03/18.011;32;342;20130318011;0
405;2013/03/18.013;171;343;20130318013;0
406;2013/03/18.015;172;344;20130318015;0
407;2013/03/18.016;173;345;20130318016;0
408;2013/03/18.017;1;235;20130318017;0
409;2013/03/18.018;46;61;20130318018;0
410;2013/03/18.020;22;346;20130318020;0
411;2013/03/18.022;174;347;20130318022;4
412;2013/03/18.023;144;348;20130318023;4
413;2013/03/18.026;22;349;20130318026;0
414;2013/03/18.027;3;88;20130318027;0
415;2013/03/18.028;175;350;20130318028;0
416;2013/03/18.031;176;351;20130318031;0
417;2013/03/18.032;176;352;20130318032;0
418;2013/03/18.033;50;69;20130318033;0
419;2013/03/18.034;1;353;20130318034;0
420;2013/03/18.035;33;353;20130318035;0
421;2013/03/18.036;4;63;20130318036;0
422;2013/03/18.037;36;67;20130318037;0
423;2013/03/18.038;1;354;20130318038;0
424;2013/03/18.040;107;70;20130318040;4
425;2013/03/18.043;7;6;20130318043;0
426;2013/03/13.015;176;355;20130313015;0
427;2013/03/14.001;1;356;20130314001;0
428;2013/03/14.030;104;357;20130314030;0
429;2013/03/16.005;177;358;20130316005;0
430;2013/03/07.017;65;33;20130307017;0
431;2013/03/11.016;9;359;20130311016;0
432;2013/03/14.002;1;360;20130314002;0
433;2013/03/15.008;178;361;20130315008;0
434;2013/03/15.029;37;289;20130315029;0
435;2013/03/16.002;66;362;20130316002;0
436;2013/03/16.007;145;363;20130316007;0
437;2013/03/16.024;7;326;20130316024;0
438;2013/03/16.029;179;364;20130316029;0
439;2013/03/18.003;9;365;20130318003;0
440;2013/03/18.004;5;366;20130318004;0
441;2013/03/18.005;180;367;20130318005;0
442;2013/03/18.009;70;368;20130318009;0
443;2013/03/18.010;181;369;20130318010;0
444;2013/03/18.019;33;370;20130318019;0
445;2013/03/18.021;182;371;20130318021;0
446;2013/03/18.024;183;372;20130318024;0
447;2013/03/18.030;132;234;20130318030;0
448;2013/03/18.041;176;373;20130318041;0
449;2013/03/18.044;37;374;20130318044;0
450;2013/03/18.045;33;375;20130318045;0
451;2013/03/19.001;81;376;20130319001;2
452;2013/03/19.002;3;103;20130319002;0
453;2013/03/19.006;177;377;20130319006;0
454;2013/03/19.007;3;378;20130319007;0
455;2013/03/19.009;1;379;20130319009;0
456;2013/03/19.013;184;380;20130319013;0
457;2013/03/19.014;184;380;20130319014;0
458;2013/03/19.015;52;72;20130319015;0
459;2013/03/19.016;22;381;20130319016;0
460;2013/03/19.017;145;382;20130319017;0
461;2013/03/19.018;64;93;20130319018;0
462;2013/03/19.019;22;90;20130319019;0
463;2013/03/19.020;132;383;20130319020;0
464;2013/03/19.025;81;122;20130319025;0
465;2013/03/19.026;185;122;20130319026;0
466;2013/03/19.028;36;384;20130319028;0
467;2013/03/19.030;158;385;20130319030;0
468;2013/03/19.031;147;276;20130319031;4
469;2013/03/19.032;47;65;20130319032;4
470;2013/03/19.033;3;247;20130319033;0
471;2013/03/19.034;22;386;20130319034;0
472;2013/03/19.035;32;320;20130319035;0
473;2013/03/19.036;186;387;20130319036;0
474;2013/03/19.037;31;388;20130319037;0
475;2013/03/19.039;78;214;20130319039;0
476;2013/03/19.043;170;389;20130319043;0
477;2013/03/15.036;1;390;20130315036;0
478;2013/03/16.003;1;391;20130316003;0
479;2013/03/16.008;37;289;20130316008;0
480;2013/03/16.013;125;392;20130316013;0
481;2013/03/18.012;33;393;20130318012;0
482;2013/03/18.025;183;394;20130318025;0
483;2013/03/18.029;1;395;20130318029;0
484;2013/03/19.003;16;396;20130319003;0
485;2013/03/19.004;1;397;20130319004;0
486;2013/03/19.008;37;398;20130319008;0
487;2013/03/19.011;88;399;20130319011;0
488;2013/03/19.012;187;400;20130319012;0
489;2013/03/19.022;3;401;20130319022;0
490;2013/03/19.023;3;402;20130319023;0
491;2013/03/19.024;1;403;20130319024;0
492;2013/03/19.027;85;122;20130319027;0
493;2013/03/19.029;16;404;20130319029;0
494;2013/03/19.038;36;405;20130319038;0
495;2013/03/19.040;188;406;20130319040;0
496;2013/03/19.041;37;407;20130319041;0
497;2013/03/20.002;46;152;20130320002;0
498;2013/03/20.004;189;408;20130320004;0
499;2013/03/20.005;190;409;20130320005;0
500;2013/03/19.044;191;410;20130319044;0
501;2013/03/20.009;95;165;20130320009;0
502;2013/03/20.010;22;165;20130320010;0
503;2013/03/20.012;192;411;20130320012;0
504;2013/03/20.013;160;314;20130320013;0
505;2013/03/20.018;81;124;20130320018;0
506;2013/03/20.019;22;44;20130320019;28
507;2013/03/20.020;193;412;20130320020;0
508;2013/03/20.021;157;413;20130320021;0
509;2013/03/20.022;36;127;20130320022;0
510;2013/03/20.023;82;125;20130320023;0
511;2013/03/20.024;194;414;20130320024;0
512;2013/03/20.026;195;415;20130320026;0
513;2013/03/20.029;16;416;20130320029;0
514;2013/03/20.033;9;417;20130320033;0
515;2013/03/18.014;22;418;20130318014;0
516;2013/03/18.039;188;419;20130318039;0
517;2013/03/19.005;196;420;20130319005;0
518;2013/03/19.010;65;421;20130319010;0
519;2013/03/18.046;83;308;20130318046;0
520;2013/03/19.021;3;422;20130319021;0
521;2013/03/19.042;14;423;20130319042;0
522;2013/03/20.001;64;424;20130320001;0
523;2013/03/20.003;61;425;20130320003;0
524;2013/03/20.006;71;426;20130320006;0
525;2013/03/20.007;3;427;20130320007;0
526;2013/03/20.008;1;428;20130320008;0
527;2013/03/20.011;78;429;20130320011;0
528;2013/03/20.014;3;402;20130320014;0
529;2013/03/20.015;3;401;20130320015;0
530;2013/03/20.017;197;430;20130320017;0
531;2013/03/20.027;188;431;20130320027;0
532;2013/03/21.001;198;432;20130321001;0
533;2013/03/21.003;199;433;20130321003;0
534;2013/03/21.004;200;434;20130321004;0
535;2013/03/21.005;81;435;20130321005;0
536;2013/03/21.006;201;436;20130321006;0
537;2013/03/21.008;75;437;20130321008;0
538;2013/03/21.009;3;427;20130321009;0
539;2013/03/20.034;202;364;20130320034;0
540;2013/03/21.010;9;223;20130321010;37
541;2013/03/21.011;203;438;20130321011;0
542;2013/03/21.012;204;439;20130321012;0
543;2013/03/21.013;205;440;20130321013;0
544;2013/03/21.014;107;70;20130321014;4
545;2013/03/21.015;48;66;20130321015;0
546;2013/03/21.016;1;309;20130321016;0
547;2013/03/21.017;104;180;20130321017;0
548;2013/03/21.018;206;441;20130321018;0
549;2013/03/21.019;43;442;20130321019;4
550;2013/03/21.022;1;443;20130321022;0
551;2013/03/21.023;24;275;20130321023;0
552;2013/03/21.025;1;444;20130321025;0
553;2013/03/21.026;3;445;20130321026;0
554;2013/03/21.028;54;74;20130321028;0
555;2013/03/21.030;17;279;20130321030;0
556;2013/03/21.031;207;446;20130321031;0
557;2013/02/04.008;22;447;20130204008;0
558;2013/03/20.016;3;422;20130320016;0
559;2013/03/20.031;22;448;20130320031;0
560;2013/03/21.002;16;449;20130321002;0
561;2013/03/21.020;33;450;20130321020;0
562;2013/03/21.021;197;430;20130321021;0
563;2013/03/21.027;33;451;20130321027;0
564;2013/03/21.035;21;452;20130321035;0
565;2013/03/22.001;87;453;20130322001;0
566;2013/03/22.002;32;432;20130322002;0
567;2013/03/22.004;208;454;20130322004;0
568;2013/03/22.005;57;455;20130322005;0
569;2013/03/22.006;209;456;20130322006;0
570;2013/03/22.007;5;457;20130322007;0
571;2013/03/22.011;9;458;20130322011;0
572;2013/03/22.012;81;376;20130322012;2
573;2013/03/22.014;31;459;20130322014;0
574;2013/03/22.015;9;233;20130322015;0
575;2013/03/22.016;9;68;20130322016;0
576;2013/03/22.018;7;460;20130322018;0
577;2013/03/22.019;36;461;20130322019;0
578;2013/03/22.022;36;462;20130322022;0
579;2013/03/22.025;210;463;20130322025;0
580;2013/03/22.026;211;464;20130322026;0
581;2013/03/22.027;22;386;20130322027;0
582;2013/03/22.028;32;320;20130322028;0
583;2013/03/22.029;129;465;20130322029;0
584;2013/03/22.030;22;466;20130322030;0
585;2013/03/22.031;22;466;20130322031;0
586;2013/03/22.032;212;467;20130322032;0
587;2013/03/22.033;47;467;20130322033;0
588;2013/03/22.034;11;468;20130322034;0
589;2013/03/22.035;1;469;20130322035;0
590;2013/03/05.030;41;470;20130305030;0
591;2013/03/12.010;116;207;20130312010;0
592;2013/03/20.025;213;471;20130320025;0
593;2013/03/21.007;214;472;20130321007;0
594;2013/03/20.035;187;10;20130320035;0
595;2013/03/21.024;215;473;20130321024;0
596;2013/03/21.029;70;278;20130321029;0
597;2013/03/21.033;104;474;20130321033;0
598;2013/03/21.034;22;475;20130321034;0
599;2013/03/22.003;216;476;20130322003;0
600;2013/03/22.008;36;477;20130322008;0
601;2013/03/22.009;22;245;20130322009;0
602;2013/03/22.010;155;458;20130322010;0
603;2013/03/22.013;1;478;20130322013;0
604;2013/03/22.017;36;479;20130322017;0
605;2013/03/22.020;36;461;20130322020;0
606;2013/03/22.023;36;480;20130322023;0
607;2013/03/22.024;36;481;20130322024;0
608;2013/03/22.037;217;482;20130322037;0
609;2013/03/23.001;1;483;20130323001;0
610;2013/03/23.002;7;484;20130323002;0
611;2013/03/23.003;218;485;20130323003;0
612;2013/03/23.005;219;486;20130323005;0
613;2013/03/23.006;22;487;20130323006;0
614;2013/03/23.007;193;488;20130323007;0
615;2013/03/23.008;126;489;20130323008;0
616;2013/03/23.009;220;490;20130323009;0
617;2013/03/23.010;218;491;20130323010;0
618;2013/03/23.011;221;492;20130323011;0
619;2013/03/23.012;222;493;20130323012;0
620;2013/03/23.013;32;494;20130323013;0
621;2013/03/23.014;1;309;20130323014;0
622;2013/03/23.015;212;495;20130323015;0
623;2013/03/23.016;1;309;20130323016;0
624;2013/03/23.017;1;496;20130323017;0
625;2013/03/23.018;223;497;20130323018;0
626;2013/03/23.019;97;497;20130323019;0
627;2013/03/23.020;3;498;20130323020;0
628;2013/03/23.021;65;499;20130323021;0
629;2013/03/23.022;54;74;20130323022;0
630;2013/03/23.023;224;500;20130323023;0
631;2013/03/23.024;64;93;20130323024;0
632;2013/03/23.025;36;477;20130323025;0
633;2013/03/23.026;36;480;20130323026;0
634;2013/03/23.027;36;481;20130323027;0
635;2013/03/23.028;5;501;20130323028;0
636;2013/03/23.029;75;502;20130323029;0
637;2013/03/23.030;225;503;20130323030;0
638;2013/03/23.031;75;504;20130323031;0
639;2013/03/23.032;28;505;20130323032;0
640;2013/03/25.001;81;376;20130325001;2
641;2013/03/25.002;128;152;20130325002;0
642;2013/03/25.003;32;506;20130325003;0
643;2013/03/25.004;226;441;20130325004;0
644;2013/03/25.006;140;264;20130325006;0
645;2013/03/25.007;1;507;20130325007;0
646;2013/03/25.008;1;235;20130325008;0
647;2013/03/25.009;22;508;20130325009;0
648;2013/03/25.011;28;509;20130325011;0
649;2013/03/25.012;208;454;20130325012;0
650;2013/03/25.015;78;510;20130325015;0
651;2013/03/25.016;1;511;20130325016;0
652;2013/03/25.017;16;512;20130325017;0
653;2013/03/25.018;78;513;20130325018;0
654;2013/03/25.019;78;514;20130325019;0
655;2013/03/25.021;104;515;20130325021;0
656;2013/03/25.022;223;516;20130325022;0
657;2013/03/25.024;176;373;20130325024;0
658;2013/03/25.025;46;61;20130325025;0
659;2013/03/25.026;4;63;20130325026;0
660;2013/03/25.027;36;67;20130325027;0
661;2013/03/25.028;107;70;20130325028;4
662;2013/03/25.029;9;68;20130325029;0
663;2013/03/25.030;3;517;20130325030;0
664;2013/03/25.031;28;518;20130325031;0
665;2013/03/25.032;22;519;20130325032;0
666;2013/03/25.033;223;520;20130325033;0
667;2013/03/25.035;17;279;20130325035;0
668;2013/03/25.036;187;521;20130325036;0
669;2013/03/25.037;52;72;20130325037;0
670;2013/03/25.038;227;522;20130325038;0
671;2013/03/26.002;138;523;20130326002;0
672;2013/03/26.003;81;523;20130326003;0
673;2013/03/26.005;1;524;20130326005;0
674;2013/03/25.040;129;525;20130325040;0
675;2013/03/26.011;28;526;20130326011;0
676;2013/03/26.013;46;527;20130326013;0
677;2013/03/26.014;1;528;20130326014;0
678;2013/03/26.015;1;529;20130326015;0
679;2013/03/25.041;1;530;20130325041;0
680;2013/03/25.044;114;108;20130325044;0
681;2013/03/26.016;228;531;20130326016;0
682;2013/03/26.017;229;532;20130326017;0
683;2013/03/26.018;50;533;20130326018;0
684;2013/03/26.019;32;320;20130326019;0
685;2013/03/26.020;97;497;20130326020;0
686;2013/03/26.022;170;534;20130326022;0
687;2013/03/26.023;230;535;20130326023;0
688;2013/03/26.024;66;536;20130326024;0
689;2013/03/26.025;69;537;20130326025;0
690;2013/03/26.026;37;538;20130326026;0
691;2013/03/26.027;35;539;20130326027;0
692;2013/03/26.028;40;540;20130326028;0
693;2013/03/26.029;22;386;20130326029;0
694;2013/03/26.030;1;541;20130326030;0
695;2013/03/26.033;1;542;20130326033;0
696;2013/03/26.037;108;188;20130326037;0
697;2013/03/26.038;7;406;20130326038;0
698;2013/03/26.039;33;543;20130326039;0
699;2013/03/26.042;231;544;20130326042;0
700;2013/03/18.042;232;545;20130318042;0
701;2013/03/22.021;111;546;20130322021;0
702;2013/03/25.005;233;547;20130325005;0
703;2013/03/25.010;177;548;20130325010;0
704;2013/03/25.013;114;549;20130325013;0
705;2013/03/25.014;33;550;20130325014;0
706;2013/03/25.034;1;551;20130325034;0
707;2013/03/25.039;65;94;20130325039;0
708;2013/03/26.001;221;552;20130326001;0
709;2013/03/26.009;1;553;20130326009;0
710;2013/03/25.042;1;554;20130325042;0
711;2013/03/25.043;41;555;20130325043;0
712;2013/03/26.032;234;556;20130326032;0
713;2013/03/26.034;41;555;20130326034;0
714;2013/03/26.036;1;551;20130326036;0
715;2013/03/26.041;48;557;20130326041;0
716;2013/03/27.001;100;558;20130327001;0
717;2013/03/27.002;129;559;20130327002;0
718;2013/03/27.003;104;560;20130327003;0
719;2013/03/27.004;235;561;20130327004;0
720;2013/03/27.005;78;561;20130327005;0
721;2013/03/27.006;31;562;20130327006;0
722;2013/03/27.007;145;563;20130327007;0
723;2013/03/27.008;3;564;20130327008;0
724;2013/03/27.009;236;565;20130327009;0
725;2013/03/27.010;237;566;20130327010;0
726;2013/03/27.013;9;567;20130327013;0
727;2013/03/27.014;238;250;20130327014;0
728;2013/03/27.016;95;165;20130327016;0
729;2013/03/27.017;239;568;20130327017;0
730;2013/03/27.018;240;135;20130327018;0
731;2013/03/27.019;241;569;20130327019;0
732;2013/03/27.023;63;92;20130327023;0
733;2013/03/27.024;138;570;20130327024;0
734;2013/03/27.025;81;124;20130327025;0
735;2013/03/27.026;81;122;20130327026;0
736;2013/03/27.028;88;571;20130327028;0
737;2013/03/27.029;22;44;20130327029;28
738;2013/03/27.030;36;127;20130327030;0
739;2013/03/27.031;108;248;20130327031;0
740;2013/03/27.032;3;247;20130327032;0
741;2013/03/27.033;72;572;20130327033;0
742;2013/03/20.030;65;573;20130320030;0
743;2013/03/21.032;97;574;20130321032;0
744;2013/03/22.036;32;575;20130322036;0
745;2013/03/23.004;9;576;20130323004;0
746;2013/03/25.023;28;577;20130325023;0
747;2013/03/26.004;242;578;20130326004;0
748;2013/03/26.006;92;244;20130326006;0
749;2013/03/26.007;243;579;20130326007;22
750;2013/03/26.008;244;580;20130326008;0
751;2013/03/26.010;100;581;20130326010;0
752;2013/03/26.012;28;582;20130326012;0
753;2013/03/26.031;234;556;20130326031;0
754;2013/03/26.035;172;583;20130326035;0
755;2013/03/26.040;1;543;20130326040;0
756;2013/03/26.043;1;584;20130326043;0
757;2013/03/26.044;1;585;20130326044;0
758;2013/03/26.045;1;586;20130326045;0
759;2013/03/26.046;1;554;20130326046;0
760;2013/03/27.011;245;587;20130327011;0
761;2013/03/27.020;33;588;20130327020;0
762;2013/03/27.021;1;589;20130327021;0
763;2013/03/27.022;1;589;20130327022;0
764;2013/03/27.027;197;590;20130327027;0
765;2013/03/27.034;246;591;20130327034;0
766;2013/03/27.035;61;592;20130327035;0
767;2013/03/28.001;9;593;20130328001;0
768;2013/03/28.003;247;594;20130328003;0
769;2013/03/28.004;248;595;20130328004;0
770;2013/03/28.005;53;596;20130328005;0
771;2013/03/28.006;249;597;20130328006;0
772;2013/03/28.007;87;453;20130328007;0
773;2013/03/28.008;35;598;20130328008;0
774;2013/03/27.037;250;599;20130327037;0
775;2013/03/28.009;3;600;20130328009;0
776;2013/03/27.038;28;601;20130327038;0
777;2013/03/27.040;37;538;20130327040;0
778;2013/03/27.042;3;602;20130327042;0
779;2013/03/27.043;3;603;20130327043;0
780;2013/03/27.044;3;604;20130327044;0
781;2013/03/28.010;22;26;20130328010;0
782;2013/03/28.011;251;605;20130328011;0
783;2013/03/28.012;17;279;20130328012;0
784;2013/03/28.013;252;606;20130328013;0
785;2013/03/28.014;1;607;20130328014;0
786;2013/03/28.015;1;608;20130328015;0
787;2013/03/28.016;1;608;20130328016;0
788;2013/03/28.017;253;608;20130328017;0
789;2013/03/28.018;1;478;20130328018;0
790;2013/03/28.019;64;609;20130328019;0
791;2013/03/28.020;104;180;20130328020;0
792;2013/03/28.022;7;610;20130328022;0
793;2013/03/28.023;254;611;20130328023;0
794;2013/03/28.024;254;612;20130328024;0
795;2013/03/28.025;254;612;20130328025;0
796;2013/03/28.027;203;613;20130328027;0
797;2013/03/28.028;203;614;20130328028;0
798;2013/03/28.030;1;615;20130328030;0
799;2013/03/28.031;36;185;20130328031;255
800;2013/03/28.032;42;616;20130328032;0
801;2013/03/28.033;40;617;20130328033;0
802;2013/03/28.034;256;618;20130328034;0
803;2013/03/28.035;50;619;20130328035;0
804;2013/03/28.036;50;620;20130328036;0
805;2013/03/28.037;3;621;20130328037;0
806;2013/03/28.038;107;70;20130328038;4
807;2013/03/28.039;9;68;20130328039;0
808;2013/03/28.040;49;68;20130328040;0
809;2013/03/28.041;5;622;20130328041;0
810;2013/03/28.042;3;623;20130328042;0
811;2013/03/28.043;57;624;20130328043;0
812;2013/03/28.044;97;625;20130328044;0
813;2013/03/29.001;211;626;20130329001;0
814;2013/03/29.002;9;627;20130329002;0
815;2013/03/29.005;257;628;20130329005;0
816;2013/03/29.006;257;628;20130329006;0
817;2013/03/29.007;211;629;20130329007;0
818;2013/03/29.008;42;630;20130329008;0
819;2013/03/29.009;81;376;20130329009;2
820;2013/03/29.011;237;566;20130329011;0
821;2013/03/28.046;97;574;20130328046;0
822;2013/03/28.047;127;631;20130328047;0
823;2013/03/29.012;37;289;20130329012;0
824;2013/03/29.014;258;632;20130329014;0
825;2013/03/29.015;3;633;20130329015;0
826;2013/03/29.016;40;634;20130329016;0
827;2013/03/29.017;1;235;20130329017;0
828;2013/03/29.018;1;635;20130329018;0
829;2013/03/29.019;48;636;20130329019;0
830;2013/03/29.020;76;637;20130329020;0
831;2013/03/29.024;208;454;20130329024;0
832;2013/03/29.025;7;638;20130329025;0
833;2013/03/29.026;1;639;20130329026;0
834;2013/03/29.029;123;215;20130329029;0
835;2013/03/29.030;259;640;20130329030;0
836;2013/03/29.031;126;242;20130329031;0
837;2013/03/29.032;1;309;20130329032;0
838;2013/03/29.033;97;497;20130329033;0
839;2013/03/29.034;32;66;20130329034;0
840;2013/03/29.036;9;641;20130329036;0
841;2013/03/29.037;22;386;20130329037;0
842;2013/03/29.038;78;510;20130329038;0
843;2013/03/29.040;1;642;20130329040;0
844;2013/03/29.041;42;643;20130329041;0
845;2013/03/29.042;159;311;20130329042;0
846;2013/03/29.043;159;311;20130329043;0
847;2013/03/29.044;1;639;20130329044;0
848;2013/03/29.045;188;406;20130329045;0
849;2013/03/29.046;22;644;20130329046;0
850;2013/03/29.047;76;645;20130329047;0
851;2013/03/27.012;245;587;20130327012;0
852;2013/03/28.002;21;646;20130328002;0
853;2013/03/27.036;260;647;20130327036;0
854;2013/03/28.021;129;648;20130328021;0
855;2013/03/29.003;17;38;20130329003;0
856;2013/03/29.004;86;138;20130329004;0
857;2013/03/29.010;201;649;20130329010;0
858;2013/03/29.021;76;637;20130329021;0
859;2013/03/29.022;261;650;20130329022;0
860;2013/03/29.035;151;651;20130329035;0
861;2013/03/29.048;1;652;20130329048;0
862;2013/03/30.001;135;653;20130330001;0
863;2013/03/30.002;1;654;20130330002;0
864;2013/03/30.003;9;655;20130330003;0
865;2013/03/30.004;262;656;20130330004;0
866;2013/03/30.005;263;657;20130330005;0
867;2013/03/30.006;16;658;20130330006;0
868;2013/03/30.007;33;466;20130330007;0
869;2013/03/30.008;3;659;20130330008;0
870;2013/03/30.009;264;660;20130330009;0
871;2013/03/30.010;16;658;20130330010;0
872;2013/03/30.011;3;661;20130330011;0
873;2013/03/30.012;1;662;20130330012;0
874;2013/03/30.013;211;464;20130330013;0
875;2013/03/30.014;72;663;20130330014;0
876;2013/03/30.015;265;664;20130330015;0
877;2013/03/30.016;64;93;20130330016;0
878;2013/03/30.018;128;222;20130330018;0
879;2013/03/30.020;1;665;20130330020;0
880;2013/03/30.022;1;666;20130330022;0
881;2013/03/30.023;48;667;20130330023;0
882;2013/03/30.024;82;668;20130330024;0
883;2013/04/02.001;1;669;20130402001;0
884;2013/04/02.002;57;670;20130402002;0
885;2013/04/02.003;73;671;20130402003;0
886;2013/04/02.005;211;672;20130402005;0
887;2013/04/02.006;22;673;20130402006;0
888;2013/04/02.007;22;71;20130402007;0
889;2013/04/02.008;34;41;20130402008;0
890;2013/04/02.010;65;674;20130402010;0
891;2013/04/02.011;60;675;20130402011;0
892;2013/04/02.013;22;676;20130402013;0
893;2013/04/02.016;73;677;20130402016;0
894;2013/04/02.017;3;677;20130402017;0
895;2013/04/02.019;103;179;20130402019;0
896;2013/04/02.020;65;678;20130402020;0
897;2013/04/02.024;46;61;20130402024;0
898;2013/04/02.025;16;679;20130402025;0
899;2013/04/02.026;57;680;20130402026;0
900;2013/04/02.028;133;681;20130402028;0
901;2013/04/02.029;97;497;20130402029;0
902;2013/04/02.030;22;386;20130402030;0
903;2013/04/02.031;107;70;20130402031;4
904;2013/04/02.032;135;246;20130402032;0
905;2013/04/02.033;47;65;20130402033;4
906;2013/04/02.034;4;63;20130402034;0
907;2013/04/02.035;67;249;20130402035;0
908;2013/04/02.036;36;67;20130402036;0
909;2013/04/02.037;9;223;20130402037;37
910;2013/04/02.038;24;275;20130402038;0
911;2013/04/02.039;91;146;20130402039;0
912;2013/04/02.040;78;306;20130402040;0
913;2013/04/02.043;17;279;20130402043;0
914;2013/03/26.021;104;682;20130326021;0
915;2013/03/27.015;236;565;20130327015;0
916;2013/03/27.039;260;683;20130327039;0
917;2013/03/30.017;40;684;20130330017;0
918;2013/03/30.019;7;322;20130330019;0
919;2013/03/30.021;1;685;20130330021;0
920;2013/04/02.004;3;686;20130402004;0
921;2013/04/02.009;1;687;20130402009;0
922;2013/04/02.014;266;688;20130402014;0
923;2013/04/02.021;218;689;20130402021;0
924;2013/04/02.041;1;690;20130402041;0
925;2013/04/03.001;235;561;20130403001;0
926;2013/04/03.002;195;375;20130403002;0
927;2013/04/03.003;33;375;20130403003;0
928;2013/04/03.004;267;691;20130403004;0
929;2013/04/03.005;75;692;20130403005;0
930;2013/04/03.006;268;693;20130403006;0
931;2013/04/03.007;269;694;20130403007;0
932;2013/04/02.044;36;695;20130402044;0
933;2013/04/02.045;36;695;20130402045;0
934;2013/04/02.046;188;406;20130402046;0
935;2013/04/03.008;81;376;20130403008;2
936;2013/04/03.009;37;696;20130403009;0
937;2013/04/03.010;222;493;20130403010;0
938;2013/04/03.011;222;697;20130403011;0
939;2013/04/03.013;48;698;20130403013;0
940;2013/04/03.014;3;698;20130403014;0
941;2013/04/03.016;138;699;20130403016;0
942;2013/04/03.019;9;54;20130403019;0
943;2013/04/03.021;81;124;20130403021;0
944;2013/04/03.022;81;122;20130403022;0
945;2013/04/03.023;244;700;20130403023;4
946;2013/04/03.024;270;701;20130403024;0
947;2013/04/03.025;3;58;20130403025;0
948;2013/04/03.026;9;464;20130403026;0
949;2013/04/03.027;22;44;20130403027;28
950;2013/04/03.028;146;274;20130403028;0
951;2013/04/03.029;82;125;20130403029;0
952;2013/04/03.030;36;127;20130403030;0
953;2013/04/03.031;119;702;20130403031;0
954;2013/04/03.032;147;276;20130403032;4
955;2013/04/03.033;50;69;20130403033;0
956;2013/04/03.038;3;39;20130403038;0
957;2013/04/03.040;22;90;20130403040;0
958;2013/04/03.043;177;703;20130403043;0
959;2013/03/27.041;271;602;20130327041;0
960;2013/03/28.026;65;220;20130328026;0
961;2013/03/28.029;246;591;20130328029;0
962;2013/03/29.013;246;591;20130329013;0
963;2013/03/29.023;272;704;20130329023;0
964;2013/03/29.027;46;705;20130329027;0
965;2013/03/29.028;46;705;20130329028;0
966;2013/04/02.012;90;706;20130402012;0
967;2013/04/02.015;22;707;20130402015;0
968;2013/04/02.022;246;591;20130402022;0
969;2013/04/02.023;87;231;20130402023;0
970;2013/04/02.027;176;708;20130402027;0
971;2013/04/02.042;87;709;20130402042;0
972;2013/04/02.047;188;406;20130402047;0
973;2013/04/03.012;31;710;20130403012;0
974;2013/04/03.017;33;711;20130403017;0
975;2013/04/03.018;273;523;20130403018;0
976;2013/04/03.020;239;566;20130403020;0
977;2013/04/03.035;57;455;20130403035;0
978;2013/04/03.037;22;712;20130403037;0
979;2013/04/03.039;3;564;20130403039;0
980;2013/04/03.041;22;90;20130403041;0
981;2013/04/03.042;274;713;20130403042;0
982;2013/04/04.001;275;714;20130404001;0
983;2013/04/04.002;276;715;20130404002;0
984;2013/04/04.003;50;533;20130404003;0
985;2013/04/04.004;33;393;20130404004;0
986;2013/04/04.005;22;716;20130404005;0
987;2013/04/04.006;103;179;20130404006;0
988;2013/04/04.007;9;717;20130404007;0
989;2013/04/04.008;208;454;20130404008;0
990;2013/04/04.009;249;718;20130404009;0
991;2013/04/04.010;22;719;20130404010;0
992;2013/04/04.011;22;292;20130404011;0
993;2013/04/03.045;119;702;20130403045;0
994;2013/04/04.013;277;720;20130404013;0
995;2013/04/04.014;176;721;20130404014;0
996;2013/04/04.015;1;722;20130404015;0
997;2013/04/04.016;108;723;20130404016;0
998;2013/04/04.018;65;724;20130404018;0
999;2013/04/03.046;64;725;20130403046;0
1000;2013/04/03.047;277;726;20130403047;0
1001;2013/04/04.019;104;180;20130404019;0
1002;2013/04/04.020;32;180;20130404020;0
1003;2013/04/03.048;30;34;20130403048;0
1004;2013/04/04.021;31;710;20130404021;0
1005;2013/04/04.022;4;727;20130404022;0
1006;2013/04/04.023;44;59;20130404023;0
1007;2013/04/04.025;212;467;20130404025;0
1008;2013/04/04.026;36;200;20130404026;0
1009;2013/04/04.027;212;728;20130404027;0
1010;2013/04/04.028;278;729;20130404028;0
1011;2013/04/04.029;22;730;20130404029;279
1012;2013/04/04.030;204;439;20130404030;0
1013;2013/04/04.031;93;151;20130404031;0
1014;2013/04/04.032;97;625;20130404032;0
1015;2013/04/04.033;1;541;20130404033;0
1016;2013/04/04.035;67;731;20130404035;0
1017;2013/04/04.036;52;72;20130404036;0
1018;2013/04/05.002;7;732;20130405002;0
1019;2013/04/05.003;197;590;20130405003;0
1020;2013/04/05.004;46;733;20130405004;0
1021;2013/04/05.005;43;734;20130405005;0
1022;2013/04/05.006;1;735;20130405006;0
1023;2013/04/05.007;70;630;20130405007;0
1024;2013/04/05.008;32;736;20130405008;0
1025;2013/04/05.010;276;737;20130405010;0
1026;2013/04/05.011;22;738;20130405011;0
1027;2013/04/05.012;170;739;20130405012;0
1028;2013/04/05.013;60;740;20130405013;0
1029;2013/04/05.015;174;741;20130405015;0
1030;2013/04/04.037;22;519;20130404037;0
1031;2013/04/05.018;64;93;20130405018;0
1032;2013/04/05.019;280;742;20130405019;0
1033;2013/04/05.021;203;613;20130405021;0
1034;2013/04/05.024;22;386;20130405024;0
1035;2013/04/05.025;97;497;20130405025;0
1036;2013/04/05.026;212;743;20130405026;0
1037;2013/04/05.027;212;744;20130405027;0
1038;2013/04/05.030;37;745;20130405030;0
1039;2013/04/05.031;33;40;20130405031;0
1040;2013/04/05.033;210;463;20130405033;0
1041;2013/04/05.034;32;66;20130405034;0
1042;2013/04/05.035;237;566;20130405035;0
1043;2013/04/05.037;1;746;20130405037;0
1044;2013/04/05.038;281;747;20130405038;0
1045;2013/04/05.039;75;748;20130405039;0
1046;2013/04/05.041;282;749;20130405041;0
1047;2013/04/05.042;46;750;20130405042;0
1048;2013/04/05.044;188;406;20130405044;0
1049;2013/04/05.045;64;725;20130405045;0
1050;2013/04/03.015;31;502;20130403015;0
1051;2013/04/03.034;83;751;20130403034;0
1052;2013/04/03.036;283;752;20130403036;0
1053;2013/04/04.017;284;753;20130404017;0
1054;2013/04/04.024;36;127;20130404024;0
1055;2013/04/05.001;1;754;20130405001;0
1056;2013/04/05.009;31;755;20130405009;0
1057;2013/04/05.014;33;756;20130405014;0
1058;2013/04/05.017;285;757;20130405017;0
1059;2013/04/05.020;153;758;20130405020;0
1060;2013/04/05.023;7;759;20130405023;0
1061;2013/04/05.032;261;760;20130405032;0
1062;2013/04/05.036;286;761;20130405036;0
1063;2013/04/05.040;48;762;20130405040;0
1064;2013/04/05.043;21;763;20130405043;0
1065;2013/04/05.047;7;764;20130405047;100
1066;2013/04/04.038;111;765;20130404038;0
1067;2013/04/06.003;70;766;20130406003;0
1068;2013/04/06.004;129;766;20130406004;0
1069;2013/04/06.005;123;767;20130406005;0
1070;2013/04/06.007;287;768;20130406007;0
1071;2013/04/06.008;7;769;20130406008;0
1072;2013/04/06.009;7;770;20130406009;0
1073;2013/04/06.011;288;771;20130406011;0
1074;2013/04/06.013;166;334;20130406013;137
1075;2013/04/06.014;22;772;20130406014;0
1076;2013/04/06.015;1;773;20130406015;0
1077;2013/04/06.016;81;774;20130406016;0
1078;2013/04/06.017;16;775;20130406017;0
1079;2013/04/06.018;16;776;20130406018;0
1080;2013/04/06.019;289;777;20130406019;0
1081;2013/04/06.020;290;778;20130406020;0
1082;2013/04/06.021;291;779;20130406021;0
1083;2013/04/06.022;291;780;20130406022;0
1084;2013/04/06.023;197;590;20130406023;0
1085;2013/04/06.024;292;781;20130406024;0
1086;2013/04/06.025;292;782;20130406025;0
1087;2013/04/06.026;80;783;20130406026;0
1088;2013/04/06.027;292;784;20130406027;0
1089;2013/04/06.028;97;785;20130406028;0
1090;2013/04/08.001;293;786;20130408001;0
1091;2013/04/08.002;294;787;20130408002;0
1092;2013/04/08.003;295;788;20130408003;0
1093;2013/04/08.004;22;789;20130408004;0
1094;2013/04/08.005;22;789;20130408005;0
1095;2013/04/08.006;22;51;20130408006;0
1096;2013/04/08.007;3;790;20130408007;0
1097;2013/04/08.008;296;791;20130408008;0
1098;2013/04/08.009;187;792;20130408009;0
1099;2013/04/08.010;3;793;20130408010;0
1100;2013/04/08.011;95;165;20130408011;0
1101;2013/04/08.012;1;235;20130408012;0
1102;2013/04/08.013;32;794;20130408013;0
1103;2013/04/08.014;137;70;20130408014;4
1104;2013/04/08.015;46;61;20130408015;0
1105;2013/04/08.016;4;63;20130408016;0
1106;2013/04/08.017;5;795;20130408017;0
1107;2013/04/08.018;31;796;20130408018;0
1108;2013/04/08.019;36;67;20130408019;0
1109;2013/04/08.020;1;309;20130408020;0
1110;2013/04/08.021;3;797;20130408021;0
1111;2013/04/08.022;70;798;20130408022;0
1112;2013/04/08.023;3;799;20130408023;0
1113;2013/04/08.024;3;91;20130408024;0
1114;2013/04/08.025;76;637;20130408025;0
1115;2013/04/08.026;297;95;20130408026;0
1116;2013/04/08.027;7;541;20130408027;0
1117;2013/04/08.029;247;800;20130408029;0
1118;2013/04/08.030;100;801;20130408030;0
1119;2013/04/08.031;212;802;20130408031;0
1120;2013/04/09.001;211;803;20130409001;0
1121;2013/04/09.002;21;804;20130409002;0
1122;2013/04/09.003;32;157;20130409003;0
1123;2013/04/09.005;129;805;20130409005;0
1124;2013/04/09.007;22;806;20130409007;0
1125;2013/04/09.009;177;807;20130409009;0
1126;2013/04/09.011;60;675;20130409011;0
1127;2013/04/09.012;298;808;20130409012;0
1128;2013/04/09.013;22;245;20130409013;75
1129;2013/04/08.032;37;809;20130408032;0
1130;2013/04/08.034;3;810;20130408034;0
1131;2013/04/08.035;126;811;20130408035;0
1132;2013/04/08.036;126;811;20130408036;0
1133;2013/04/09.014;9;480;20130409014;0
1134;2013/04/09.015;78;812;20130409015;0
1135;2013/04/09.017;81;431;20130409017;0
1136;2013/04/09.018;3;813;20130409018;0
1137;2013/04/09.020;22;814;20130409020;0
1138;2013/04/09.021;104;815;20130409021;0
1139;2013/04/09.022;104;816;20130409022;0
1140;2013/04/09.023;144;817;20130409023;0
1141;2013/04/09.024;144;818;20130409024;0
1142;2013/04/09.025;153;819;20130409025;0
1143;2013/04/09.027;299;820;20130409027;0
1144;2013/04/09.028;299;820;20130409028;0
1145;2013/04/09.029;22;386;20130409029;0
1146;2013/04/09.030;300;110;20130409030;0
1147;2013/04/09.031;47;65;20130409031;4
1148;2013/04/09.032;147;276;20130409032;4
1149;2013/04/09.033;161;821;20130409033;0
1150;2013/04/09.034;108;188;20130409034;0
1151;2013/04/09.035;17;279;20130409035;0
1152;2013/04/09.036;100;801;20130409036;0
1153;2013/04/09.037;22;738;20130409037;0
1154;2013/04/10.003;1;687;20130410003;0
1155;2013/04/10.005;301;822;20130410005;0
1156;2013/04/09.038;37;823;20130409038;0
1157;2013/04/10.006;138;824;20130410006;0
1158;2013/04/09.039;255;823;20130409039;0
1159;2013/04/10.007;170;739;20130410007;0
1160;2013/04/10.008;3;825;20130410008;0
1161;2013/04/10.009;63;92;20130410009;0
1162;2013/04/10.011;239;568;20130410011;0
1163;2013/04/10.012;22;44;20130410012;28
1164;2013/04/10.013;108;248;20130410013;0
1165;2013/04/10.014;36;127;20130410014;0
1166;2013/04/10.019;145;826;20130410019;0
1167;2013/04/10.025;3;445;20130410025;0
1168;2013/04/10.027;22;349;20130410027;0
